1;Preloader_LoadBarFrontImage
2;Preloader_LoadBarBackImage
3;Preloader_LogoImage
0;Preloader
4;resource.AudioResource_flagCompleteLoud
5;resource.AudioResource_laser_loop_2
6;resource.AudioResource_smash_med_3
7;resource.AudioResource_PainSmall9
8;resource.AudioResource_gameCompleteMusic
9;resource.AudioResource_ui_collectCoin_02
10;resource.AudioResource_PainSmall12
11;resource.AudioResource_PUNCHLIGHT1
12;resource.AudioResource_PUNCHLIGHT2
13;resource.AudioResource_PUNCHLIGHT4
14;resource.AudioResource_Pain_Short_07
15;resource.AudioResource_Chi_Collect
16;resource.AudioResource_Pain_Short_03
17;resource.AudioResource_Victory_02
18;resource.AudioResource_Pain_Short_04
19;resource.AudioResource_Pain_Short_06
20;resource.AudioResource_Death12
21;resource.AudioResource_elevator_start
22;resource.AudioResource_Death11
23;resource.AudioResource_Chi_Absorb
24;resource.AudioResource_success
25;resource.AudioResource_Chi_Loop
26;resource.AudioResource_challenges_award
27;resource.AudioResource_Assemble1
28;resource.AudioResource_reflect
29;resource.AudioResource_Assemble3
30;resource.AudioResource_rocketshot
31;resource.AudioResource_PainBig2
32;resource.AudioResource_Death_06
33;resource.AudioResource_gameplayLoopMusic
34;resource.AudioResource_Death_05
35;resource.AudioResource_Death_04
36;resource.AudioResource_StudCollect3
37;resource.AudioResource_smash_small_4
38;resource.AudioResource_Negative_02
39;resource.AudioResource_Death_03
40;resource.AudioResource_StudCollect4
41;resource.AudioResource_Death_01
42;resource.AudioResource_sword_1
43;resource.AudioResource_sword_2
44;resource.AudioResource_sword_3
45;resource.AudioResource_Impact_Wood_03
46;resource.AudioResource_Impact_Wood_02
47;resource.AudioResource_Eagle_Turret_Laser_01
48;resource.AudioResource_Win19
49;resource.AudioResource_smash_small_1
50;resource.AudioResource_Impact_Wood_01
51;resource.AudioResource_sword3
52;resource.AudioResource_Eagle_Turret_Laser_02
53;resource.AudioResource_PainBig5
54;resource.AudioResource_PainBig3
55;resource.AudioResource_Win2
56;resource.AudioResource_Win1
57;resource.AudioResource_Chi_Explosion_02
58;resource.AudioResource_frontendMusic
59;resource.AudioResource_Chi_Explosion_03
60;resource.AudioResource_Chi_Explosion_01
61;resource.AudioResource_token_pickup_3
62;resource.AudioResource_CoinBlue
63;resource.AudioResource_StudCollect2
64;resource.AudioResource_StudCollect1
65;resource.AudioResource_Pain_Medium_02
66;resource.AudioResource_scythe_3
67;resource.AudioResource_Pain_Medium_03
68;resource.AudioResource_scythe_2
69;resource.AudioResource_scythe_1
70;resource.AudioResource_Pain_Medium_01
55;resource.AudioResource_Win2
44;resource.AudioResource_sword_3
56;resource.AudioResource_Win1
71;resource.TextureAtlasResource_chars_en_fire_5_XML
5;resource.AudioResource_laser_loop_2
42;resource.AudioResource_sword_1
43;resource.AudioResource_sword_2
6;resource.AudioResource_smash_med_3
72;resource.TextureAtlasResource_chars_en_fire_4_ATF
73;resource.FontResource_Arial_Unicode_24pt_Rus_PNG
74;resource.DataResource_lang_zhZDF
75;resource.TextureAtlasResource_chars_en_fire_10_ATF
67;resource.AudioResource_Pain_Medium_03
65;resource.AudioResource_Pain_Medium_02
38;resource.AudioResource_Negative_02
70;resource.AudioResource_Pain_Medium_01
76;resource.DataResource_chars_discshooters_iceCGLA
77;resource.TextureResource_chima_cave_fire_endnewer
78;resource.TextureAtlasResource_chars_en_fire_6_ATF
79;resource.DataResource_chars_orbs_iceCGLA
80;resource.TextureAtlasResource_ui_XML
81;resource.TextureAtlasResource_chars_en_static_bear_ATF
83;resource.TextureAtlasResource_chars_en_ice_6_ATF
82;resource.TextureAtlasResource_chars_en_fire_0_ATF
84;resource.TextureAtlasResource_chars_en_static_croc_ATF
85;resource.DataResource_lang_plZDF
86;resource.FontResource_Arial_Unicode_24pt_Chin_FNT
87;resource.TextureAtlasResource_flags_lion_ATF
88;resource.TextureAtlasResource_chars_en_ice_0_XML
89;resource.FontResource_Arial_Unicode_32pt_Rus_PNG
90;resource.TextureAtlasResource_chars_en_fire_1_XML
91;resource.TextureAtlasResource_chars_player_fire_0_XML
92;resource.TextureAtlasResource_chars_player_ice_2_XML
9;resource.AudioResource_ui_collectCoin_02
93;resource.TextureAtlasResource_chars_en_static_saber_ATF
94;resource.TextureAtlasResource_chars_player_fire_2_XML
96;resource.DataResource_lang_frZDF
95;resource.TextureAtlasResource_chars_en_fire_3_ATF
97;resource.DataResource_lang_noZDF
98;resource.TextureAtlasResource_flags_bear_XML
101;resource.FontResource_Arial_Unicode_24pt_Jap_FNT
100;resource.TextureAtlasResource_chars_en_ice_7_XML
99;resource.TextureAtlasResource_chars_en_fire_debris_ATF
102;resource.DataResource_pickupsCGLA
103;resource.TextureAtlasResource_chars_player_ice_1_XML
104;resource.TextureAtlasResource_chars_env_jungle_ATF
105;resource.FontResource_Arial_Unicode_24pt_Rus_FNT
106;resource.TextureResource_chima_snow_end_01
61;resource.AudioResource_token_pickup_3
107;resource.TextureAtlasResource_chars_en_fire_11_XML
108;resource.FontResource_Arial_Unicode_32pt_Kor_PNG
109;resource.DataResource_chars_env_fireCGLA
28;resource.AudioResource_reflect
29;resource.AudioResource_Assemble3
27;resource.AudioResource_Assemble1
26;resource.AudioResource_challenges_award
112;resource.FontResource_Arial_Unicode_24pt_Kor_FNT
111;resource.TextureAtlasResource_level_overlayShadows_XML
110;resource.DataResource_lang_svZDF
113;resource.DataResource_chars_players_fireCGLA
114;resource.TextureAtlasResource_chars_player_ice_debris_ATF
115;resource.DataResource_levelsCGLA
116;resource.DataResource_projectilesCGLA
117;resource.TextureAtlasResource_chars_en_fire_4_XML
119;resource.TextureAtlasResource_ui_pause_ATF
118;resource.TextureAtlasResource_flags_croc_ATF
120;resource.TextureAtlasResource_chars_en_ice_2_XML
121;resource.TextureResource_new_chima_fire_snow_end
123;resource.TextureAtlasResource_chars_env_orbs_fire_XML
122;resource.TextureAtlasResource_chars_en_static_lion_ATF
124;resource.TextureAtlasResource_pickups_ATF
125;resource.DataResource_lang_fiZDF
10;resource.AudioResource_PainSmall12
127;resource.TextureAtlasResource_level_overlayShadows_ATF
126;resource.TextureAtlasResource_chars_env_cave_ATF
128;resource.TextureAtlasResource_ui_fe_ATF
129;resource.TextureAtlasResource_chars_en_static_saber_XML
130;resource.FontResource_Arial_Unicode_24pt_Chin_PNG
131;resource.TextureAtlasResource_flags_saber_ATF
132;resource.TextureAtlasResource_chars_en_fire_6_XML
133;resource.TextureAtlasResource_chars_env_fire_XML
135;resource.TextureAtlasResource_chars_en_ice_1_ATF
134;resource.DataResource_chars_enemies_fireCGLA
136;resource.DataResource_chars_additionals_iceCGLA
137;resource.TextureAtlasResource_chars_env_orbs_ice_ATF
138;resource.TextureAtlasResource_chars_en_fire_9_XML
139;resource.TextureResource_chima_cave_fire_beginnewer
141;resource.TextureAtlasResource_chars_en_fire_1_ATF
140;resource.DataResource_lang_nlZDF
142;resource.TextureAtlasResource_level_overlays_ATF
143;resource.TextureAtlasResource_chars_en_fire_8_ATF
30;resource.AudioResource_rocketshot
145;resource.FontResource_Arial_Unicode_24pt_Kor_PNG
144;resource.TextureAtlasResource_chars_en_fire_7_ATF
146;resource.DataResource_lang_deZDF
147;resource.TextureResource_chima_cave_snow_beginnewer
148;resource.DataResource_lang_koZDF
11;resource.AudioResource_PUNCHLIGHT1
12;resource.AudioResource_PUNCHLIGHT2
13;resource.AudioResource_PUNCHLIGHT4
149;resource.DataResource_chars_env_iceCGLA
8;resource.AudioResource_gameCompleteMusic
152;resource.TextureAtlasResource_chars_en_fire_11_ATF
151;resource.TextureAtlasResource_chars_env_jungle_XML
150;resource.TextureAtlasResource_flags_lion_XML
153;resource.TextureResource_new_chima_fire1
155;resource.TextureAtlasResource_chars_en_ice_5_ATF
154;resource.TextureAtlasResource_chars_en_fire_9_ATF
156;resource.DataResource_chars_additionals_fireCGLA
157;resource.TextureAtlasResource_chars_player_ice_0_ATF
158;resource.DataResource_costsZDF
159;resource.DataResource_uiCGLA
160;resource.TextureAtlasResource_chars_player_ice_0_XML
161;resource.DataResource_chars_discshooters_fireCGLA
162;resource.TextureAtlasResource_chars_env_cave_XML
164;resource.TextureAtlasResource_chars_player_fire_2_ATF
163;resource.TextureResource_chima_cave_snow_endnewer
165;resource.TextureAtlasResource_chars_en_ice_4_ATF
166;resource.TextureResource_new_chima_fire_grass_begin
167;resource.FontResource_Arial_Unicode_24pt_Euro_PNG
168;resource.TextureAtlasResource_fx_XML
170;resource.TextureResource_chima_ice5_02
169;resource.DataResource_flags_iceCGLA
171;resource.TextureAtlasResource_chars_en_fire_7_XML
172;resource.DataResource_Chima_PowerCGLA
173;resource.TextureAtlasResource_chars_en_ice_5_XML
175;resource.DataResource_chars_players_iceCGLA
174;resource.DataResource_bonusmissionsZDF
176;resource.DataResource_lang_ptZDF
177;resource.DataResource_lang_csZDF
178;game.Splash_french
180;resource.TextureAtlasResource_chars_player_ice_debris_XML
179;resource.TextureAtlasResource_chars_en_fire_10_XML
181;resource.TextureResource_chima_cave_frost_overlay
14;resource.AudioResource_Pain_Short_07
58;resource.AudioResource_frontendMusic
182;resource.TextureAtlasResource_projectiles_XML
19;resource.AudioResource_Pain_Short_06
183;resource.TextureResource_LightningOrange
16;resource.AudioResource_Pain_Short_03
184;resource.TextureAtlasResource_chars_en_fire_12_XML
18;resource.AudioResource_Pain_Short_04
20;resource.AudioResource_Death12
185;resource.TextureAtlasResource_ui_pause_XML
22;resource.AudioResource_Death11
21;resource.AudioResource_elevator_start
186;resource.TextureResource_chima_cave_grass_endnewer
187;resource.TextureAtlasResource_chars_en_fire_8_XML
188;resource.TextureAtlasResource_chars_en_fire_5_ATF
15;resource.AudioResource_Chi_Collect
48;resource.AudioResource_Win19
189;resource.TextureAtlasResource_chars_en_static_bear_XML
52;resource.AudioResource_Eagle_Turret_Laser_02
47;resource.AudioResource_Eagle_Turret_Laser_01
190;resource.TextureResource_new_chima_fire_grass_end
33;resource.AudioResource_gameplayLoopMusic
192;resource.TextureResource_Play1
191;resource.TextureAtlasResource_chars_en_static_lion_XML
193;resource.DataResource_credits_enZDF
195;resource.DataResource_lang_ruZDF
194;resource.TextureResource_new_chima_forest4_02
46;resource.AudioResource_Impact_Wood_02
196;resource.TextureResource_new_chima_forest4_03
45;resource.AudioResource_Impact_Wood_03
50;resource.AudioResource_Impact_Wood_01
197;resource.TextureAtlasResource_chars_en_ice_8_XML
199;resource.TextureAtlasResource_level_overlays_XML
198;resource.TextureAtlasResource_pickups_XML
200;game.Splash_english
41;resource.AudioResource_Death_01
201;resource.TextureAtlasResource_chars_player_fire_debris_XML
32;resource.AudioResource_Death_06
202;resource.FontResource_Arial_Unicode_32pt_Chin_PNG
39;resource.AudioResource_Death_03
203;resource.TextureAtlasResource_chars_env_ice_ATF
34;resource.AudioResource_Death_05
204;resource.TextureAtlasResource_chars_en_ice_1_XML
35;resource.AudioResource_Death_04
205;resource.TextureAtlasResource_chars_en_fire_2_XML
206;resource.DataResource_lang_itZDF
207;resource.TextureAtlasResource_ui_portraits_XML
208;resource.FontResource_Arial_Unicode_32pt_Rus_FNT
209;resource.TextureAtlasResource_chars_en_ice_3_XML
210;resource.FontResource_Arial_Unicode_24pt_Euro_FNT
211;resource.TextureAtlasResource_fx_ATF
212;resource.FontResource_Arial_Unicode_32pt_Chin_FNT
215;resource.TextureAtlasResource_chars_en_fire_0_XML
214;resource.TextureAtlasResource_chars_en_ice_2_ATF
213;resource.TextureAtlasResource_chars_en_ice_debris_XML
216;resource.TextureAtlasResource_chars_en_fire_debris_XML
218;resource.FontResource_Arial_Unicode_32pt_Jap_PNG
217;resource.TextureResource_Frame_Top
219;resource.TextureAtlasResource_chars_en_ice_7_ATF
23;resource.AudioResource_Chi_Absorb
62;resource.AudioResource_CoinBlue
220;resource.TextureAtlasResource_chars_en_fire_3_XML
222;resource.FontResource_Arial_Unicode_32pt_Euro_PNG
221;resource.TextureAtlasResource_chars_env_orbs_fire_ATF
223;resource.DataResource_lang_enZDF
224;resource.TextureAtlasResource_chars_env_orbs_ice_XML
225;resource.DataResource_chars_orbs_fireCGLA
226;resource.DataResource_lang_esZDF
227;resource.TextureAtlasResource_ui_portraits_ATF
228;resource.DataResource_particle_effectsCGLA
231;resource.TextureAtlasResource_chars_player_fire_debris_ATF
230;resource.TextureAtlasResource_chars_player_ice_1_ATF
229;resource.TextureResource_chima_cave_grass_beginnewer
232;resource.TextureResource_new_chima_fire_snow_begin
233;resource.TextureAtlasResource_chars_en_fire_2_ATF
234;resource.FontResource_Arial_Unicode_32pt_Jap_FNT
235;resource.TextureAtlasResource_chars_player_ice_2_ATF
236;resource.TextureAtlasResource_projectiles_ATF
238;resource.TextureAtlasResource_chars_player_fire_0_ATF
237;resource.TextureAtlasResource_chars_en_ice_0_ATF
239;resource.DataResource_lang_daZDF
240;resource.TextureResource_Frame_Bottom
241;resource.TextureAtlasResource_chars_player_fire_1_XML
25;resource.AudioResource_Chi_Loop
242;resource.FontResource_Arial_Unicode_32pt_Euro_FNT
243;resource.TextureAtlasResource_chars_en_ice_6_XML
244;resource.TextureAtlasResource_flags_bear_ATF
245;resource.FontResource_Arial_Unicode_24pt_Jap_PNG
246;resource.TextureAtlasResource_chars_en_ice_8_ATF
247;resource.DataResource_lang_huZDF
54;resource.AudioResource_PainBig3
53;resource.AudioResource_PainBig5
248;resource.DataResource_lang_jaZDF
31;resource.AudioResource_PainBig2
249;resource.TextureAtlasResource_chars_player_fire_1_ATF
66;resource.AudioResource_scythe_3
250;resource.TextureAtlasResource_chars_en_ice_3_ATF
68;resource.AudioResource_scythe_2
69;resource.AudioResource_scythe_1
251;resource.DataResource_flags_fireCGLA
7;resource.AudioResource_PainSmall9
4;resource.AudioResource_flagCompleteLoud
252;resource.FontResource_Arial_Unicode_32pt_Kor_FNT
253;resource.DataResource_chars_enemies_iceCGLA
24;resource.AudioResource_success
254;resource.TextureAtlasResource_flags_croc_XML
17;resource.AudioResource_Victory_02
255;resource.TextureAtlasResource_chars_en_ice_4_XML
256;resource.TextureAtlasResource_ui_ATF
257;resource.TextureAtlasResource_chars_env_fire_ATF
258;resource.TextureAtlasResource_chars_en_fire_12_ATF
36;resource.AudioResource_StudCollect3
40;resource.AudioResource_StudCollect4
259;resource.TextureAtlasResource_chars_env_ice_XML
60;resource.AudioResource_Chi_Explosion_01
64;resource.AudioResource_StudCollect1
59;resource.AudioResource_Chi_Explosion_03
63;resource.AudioResource_StudCollect2
57;resource.AudioResource_Chi_Explosion_02
260;resource.TextureAtlasResource_flags_saber_XML
261;resource.TextureAtlasResource_ui_fe_XML
51;resource.AudioResource_sword3
262;resource.TextureResource_chima_grass_end_04
37;resource.AudioResource_smash_small_4
49;resource.AudioResource_smash_small_1
263;resource.TextureAtlasResource_chars_en_ice_debris_ATF
264;resource.TextureResource_LightningBlue
265;resource.TextureAtlasResource_chars_en_static_croc_XML
